LIGName,UplinkSetName,UpLinkType,UpLinkPorts,Networks,NativeEthernetNetwork,EthernetMode,LACPTimer,PrimaryPort,FCuplinkSpeed,,,,,
,,,,,,,,,,,,,,
#Configure UpLinkSet,,,,,,,,,,,,,,
# Use this sheet to define settings for UplinkSet to be created in OneView.  ,,,,,,,,,,,,,,
# If the row starts with '#' it will be ignored by the script,,,,,,,,,,,,,,
# For specific settings -see defintion below,,,,,,,,,,,,,,
,,,,,,,,,,,,,,
# LIG name,# UplinkSet Name,"# Accepted values are:
#         Ethernet (Default)
#         FibreChannel
#         FCOE
#         Tunnel
#         Untagged
#         ImageStreamer (N/A for C7000)
# 
# Note: When assigning an Ethernet Network to an ImageStreamer Uplink Set, the network resource must be a Tagged Ethernet Network.","# Syntax is:
# FlexFabric ----> BAY1:X5|BAY2:X5
#
# VC Fibre Channel ---> BAY3:1|BAY3:2
#
# Synergy VC ---> Enclosure1:Bay3:Q1|Enclosure1:Bay3:Q2|Enclosure2:Bay6:Q1|Enclosure2:Bay6:Q2
#
# Synergy VC Sub-Interface ----> Enclosure1:Bay3:Q1.1|Enclosure1:Bay3:Q2.1|Enclosure2:Bay6:Q1.2|Enclosure2:Bay6:Q2.2
#
# Use | as separator",,# Valid name of the Native Ethernet Network,"# Sets the LACP mode on the uplink ports
# Valid for ETHERNET Uplinks only
# Accepted Values:
# Auto (Default)
# Failover","# Set the LACP Timer value, which sets the lacpdu frequecy to the LACP peer
# Accepted Values:
# Short (Default)
# Long","# Specify the Primary Uplink Port when EthernetMode is set to FAILOVER.
# Parameter is not valid when EthMode parameter is set to Auto","# Specify the Fibre Channel Uplink Speed
# Accepted values are:
# Auto
# 2
# 4
# 8",,,,,
,,,,,,,,,,,,,,
,,,,,,,,,,,,,,
,,,,,,,,,,,,,,
,,,,,,,,,,,,,,
,,,,,,,,,,,,,,
,,,,,,,,,,,,,,
LIG-Ethernet-SCR,MGMT,Ethernet,Enclosure1:Bay3:Q1.1|Enclosure2:Bay6:Q1.1,Management-a | PXE-a,Management-a,Auto,Auto,,Auto,,,,,
,,,,,,,,,,,,,,
LIG-Ethernet-SCR,PROD,Ethernet,Enclosure1:Bay3:Q1.2|Enclosure2:Bay6:Q1.2,Guest-a|Guest-a,Guest-a,Auto,Auto,,Auto,,,,,
,,,,,,,,,,,,,,
LIG-Ethernet-SCR,FCOE-SAN-A,Ethernet,Enclosure1:Bay3:Q2.1,VC1-SAN10,,Auto,Auto,,Auto|2,,,,,
,,,,,,,,,,,,,,
LIG-Ethernet-SCR,FCOE-SAN-B,Ethernet,Enclosure2:Bay6:Q2.1,VC2-SAN11,,Auto,Auto,,2|4,,,,,
,,,,,,,,,,,,,,
LIG-FC-SCR,FC-A,FibreChannel,Bay2:1|Bay2:2,VC1-SAN20,,Auto,Auto,,4|8,,,,,
,,,,,,,,,,,,,,
LIG-FC-SCR,FC-B,FibreChannel,Bay5:1|Bay5:2,VC1-SAN21,,Auto,Auto,,Auto,,,,,
,,,,,,,,,,,,,,
OneFrame-SCR,MGMT2,Ethernet,Enclosure1:Bay3:Q1.1|Enclosure1:Bay6:Q1.1,Management-a | PXE-a,Management-a,Auto,Auto,,Auto,,,,,
,,,,,,,,,,,,,,
,,,,,,,,,,,,,,
,,,,,,,,,,,,,,
,,,,,,,,,,,,,,
,,,,,,,,,,,,,,
,,,,,,,,,,,,,,
,,,,,,,,,,,,,,
,,,,,,,,,,,,,,
,,,,,,,,,,,,,,
,,,,,,,,,,,,,,
,,,,,,,,,,,,,,
,,,,,,,,,,,,,,
,,,,,,,,,,,,,,
,,,,,,,,,,,,,,
,,,,,,,,,,,,,,
,,,,,,,,,,,,,,
,,,,,,,,,,,,,,
,,,,,,,,,,,,,,
,,,,,,,,,,,,,,
,,,,,,,,,,,,,,
,,,,,,,,,,,,,,
,,,,,,,,,,,,,,
,,,,,,,,,,,,,,
,,,,,,,,,,,,,,
,,,,,,,,,,,,,,
,,,,,,,,,,,,,,
,,,,,,,,,,,,,,
,,,,,,,,,,,,,,
,,,,,,,,,,,,,,
,,,,,,,,,,,,,,
,,,,,,,,,,,,,,
,,,,,,,,,,,,,,
,,,,,,,,,,,,,,
,,,,,,,,,,,,,,
,,,,,,,,,,,,,,
,,,,,,,,,,,,,,
,,,,,,,,,,,,,,
,,,,,,,,,,,,,,
,,,,,,,,,,,,,,
,,,,,,,,,,,,,,
,,,,,,,,,,,,,,
,,,,,,,,,,,,,,
,,,,,,,,,,,,,,
,,,,,,,,,,,,,,
,,,,,,,,,,,,,,
,,,,,,,,,,,,,,
,,,,,,,,,,,,,,
,,,,,,,,,,,,,,
,,,,,,,,,,,,,,
,,,,,,,,,,,,,,
,,,,,,,,,,,,,,
,,,,,,,,,,,,,,
,,,,,,,,,,,,,,
,,,,,,,,,,,,,,
,,,,,,,,,,,,,,
,,,,,,,,,,,,,,
,,,,,,,,,,,,,,
,,,,,,,,,,,,,,
,,,,,,,,,,,,,,
,,,,,,,,,,,,,,
,,,,,,,,,,,,,,
,,,,,,,,,,,,,,
,,,,,,,,,,,,,,
,,,,,,,,,,,,,,
,,,,,,,,,,,,,,
,,,,,,,,,,,,,,
,,,,,,,,,,,,,,
,,,,,,,,,,,,,,
,,,,,,,,,,,,,,
,,,,,,,,,,,,,,
,,,,,,,,,,,,,,
,,,,,,,,,,,,,,
,,,,,,,,,,,,,,
,,,,,,,,,,,,,,
,,,,,,,,,,,,,,
,,,,,,,,,,,,,,
,,,,,,,,,,,,,,
,,,,,,,,,,,,,,
,,,,,,,,,,,,,,
,,,,,,,,,,,,,,
,,,,,,,,,,,,,,
,,,,,,,,,,,,,,
,,,,,,,,,,,,,,
,,,,,,,,,,,,,,
,,,,,,,,,,,,,,
,,,,,,,,,,,,,,
,,,,,,,,,,,,,,
,,,,,,,,,,,,,,
,,,,,,,,,,,,,,
,,,,,,,,,,,,,,
,,,,,,,,,,,,,,
,,,,,,,,,,,,,,
,,,,,,,,,,,,,,
,,,,,,,,,,,,,,
,,,,,,,,,,,,,,
,,,,,,,,,,,,,,
,,,,,,,,,,,,,,
,,,,,,,,,,,,,,
,,,,,,,,,,,,,,
,,,,,,,,,,,,,,
,,,,,,,,,,,,,,
,,,,,,,,,,,,,,
,,,,,,,,,,,,,,
,,,,,,,,,,,,,,
,,,,,,,,,,,,,,
,,,,,,,,,,,,,,
,,,,,,,,,,,,,,
,,,,,,,,,,,,,,
